file,first,last
probs_20221015_0_1.csv,0119375510284656,0116536212313542
probs_20221015_0_2.csv,0116536212313500,0116376014435500
probs_20221015_0_3.csv,0116370014435500,0112420016293800
probs_20221015_0_4.csv,0112425116293962,0111440021263800
probs_20221015_0_5.csv,0111444821263962,0112213924436200
probs_20221015_0_6.csv,0112215024436200,0142000030480000
probs_20221015_0_7.csv,0142560030520000,0115293542486000
probs_20221015_0_8.csv,0115290042486000,0223610011324600
probs_20221015_0_9.csv,0223610011324900,0223283213465700
probs_20221015_0_10.csv,0223285113465700,0224385115214160
probs_20221015_0_11.csv,0224385115214100,0211460020245500
probs_20221015_0_12.csv,0211465520245700,0208300023535900
probs_20221015_0_13.csv,0208303523536000,0214445729325100
probs_20221015_0_14.csv,0214440029325100,0223246237434900
probs_20221015_0_15.csv,0223240037434900,0333506108204600
probs_20221015_0_16.csv,0333500008204600,0332620012475000
probs_20221015_0_17.csv,0332620012470000,0333580014294700
probs_20221015_0_18.csv,0333580014294800,0312486117263946
probs_20221015_0_19.csv,0312486117263900,0308440022550000
probs_20221015_0_20.csv,0308570022550000,0322520026405700
probs_20221015_0_21.csv,0322520026406100,0330000032570000
probs_20221015_0_22.csv,0330410032580000,0332000058000000
probs_20221015_0_23.csv,0333000058000000,0416370011310000
probs_20221015_0_24.csv,0416385311314158,0416313714415800
probs_20221015_0_25.csv,0416315114415800,0411550016263800
probs_20221015_0_26.csv,0411556116264100,0408510021580000
probs_20221015_0_27.csv,0408550021580000,0411610024390000
probs_20221015_0_28.csv,0411620024394100,0440000030490000
probs_20221015_0_29.csv,0440570030500000,0414243741555800
probs_20221015_0_30.csv,0414240041555800,0523250010326000
probs_20221015_0_31.csv,0523254310326200,0523263212434900
probs_20221015_0_32.csv,0523266212434900,0524490015193400
probs_20221015_0_33.csv,0524495815193844,0508000019620000
probs_20221015_0_34.csv,0508000019000000,0508250023506000
probs_20221015_0_35.csv,0508250023500000,0511220028580000
probs_20221015_0_36.csv,0511320028580000,0522440035580000
probs_20221015_0_37.csv,0522470035580000,0631440008530000
probs_20221015_0_38.csv,0631570008530000,0632490011314200
probs_20221015_0_39.csv,0632495811314400,0633435613265200
probs_20221015_0_40.csv,0633430013265200,0611375517244200
probs_20221015_0_41.csv,0611376017244255,0608394121515800
probs_20221015_0_42.csv,0608390021515800,0621560025354700
probs_20221015_0_43.csv,0621560025355000,0629550032425700
probs_20221015_0_44.csv,0629550032425900,0637000055000000
probs_20221015_0_45.csv,0640000055570000,0716496211293400
probs_20221015_0_46.csv,0716490011293400,0716284313385700
probs_20221015_0_47.csv,0716285013385700,0711380016264100
probs_20221015_0_48.csv,0711384916264461,0708260020516200
probs_20221015_0_49.csv,0708260020510000,0711170024386100
probs_20221015_0_50.csv,0711170024380000,0738000029510000
probs_20221015_0_51.csv,0738400029570000,0712192941506200
probs_20221015_0_52.csv,0712193241506200,0823425703305200
probs_20221015_0_53.csv,0823420003305200,0823266005434900
probs_20221015_0_54.csv,0823260005434900,0825375007204362
probs_20221015_0_55.csv,0825375007204300,0825516223374200
probs_20221015_0_56.csv,0825510023374200,0821430039495800
probs_20221015_0_57.csv,0821430039496200,1029445503165700
probs_20221015_0_58.csv,1029440003165700,1028590005324900
probs_20221015_0_59.csv,1028590005325500,1029325707194652
probs_20221015_0_60.csv,1029325707194600,1037510023244100
probs_20221015_0_61.csv,1037516023244600,1031320041526100
probs_20221015_0_62.csv,1031320041526200,1132536002173000
probs_20221015_0_63.csv,1132530002173000,1132460005490000
probs_20221015_0_64.csv,1132470005495800,1133620007290000
probs_20221015_0_65.csv,1133000007290000,1121520024340000
probs_20221015_0_66.csv,1121556024344100,1129320046525700
probs_20221015_0_67.csv,1129320046525800,1239400002290000
probs_20221015_0_68.csv,1239416202294800,1241590005394800
probs_20221015_0_69.csv,1241590005395000,1242496107222400
probs_20221015_0_70.csv,1242490007222400,1219550025374600
probs_20221015_0_71.csv,1219550025375600,1216000055570000
probs_20221015_0_72.csv,1216250055580000,1316470003255000
probs_20221015_0_73.csv,1316476203255200,1316435506336000
probs_20221015_0_74.csv,1316430006336000,1328385916475000
probs_20221015_0_75.csv,1328380016475000,1316570026354400
probs_20221015_0_76.csv,1316570026354600,1419245501446100
probs_20221015_0_77.csv,1419240001446100,1420470003265300
probs_20221015_0_78.csv,1420475303265600,1419245705344752
probs_20221015_0_79.csv,1419245705344700,1443570016313700
probs_20221015_0_80.csv,1443570016315000,1447520026325700
probs_20221015_0_81.csv,1447520026325900,1521340001480000
probs_20221015_0_82.csv,1521354401485800,1522420003285600
probs_20221015_0_83.csv,1522424803286100,1522260005354800
probs_20221015_0_84.csv,1522264405354956,1530320017430000
probs_20221015_0_85.csv,1530346117434800,1538530028405900
probs_20221015_0_86.csv,1538530028400000,1642520001316200
probs_20221015_0_87.csv,1642520001310000,1626555706133500
probs_20221015_0_88.csv,1626550006133500,1626600013465100
probs_20221015_0_89.csv,1626600013465500,1732460002555900
probs_20221015_0_90.csv,1732460002556000,1746515605123900
probs_20221015_0_91.csv,1746510005123900,1737480012435800
probs_20221015_0_92.csv,1737480012436200,1929500001394400
probs_20221015_0_93.csv,1929500001395600,1934410005152400
probs_20221015_0_94.csv,1934414805153060,1924620012374700
probs_20221015_0_95.csv,1924620012374900,1933440055610000
probs_20221015_0_96.csv,1933000055610000,2030425505355700
probs_20221015_0_97.csv,2030420005355700,2032570010314600
probs_20221015_0_98.csv,2032570010315100,2024570042510000
probs_20221015_0_99.csv,2024610042510000,2124590004415000
probs_20221015_0_100.csv,2124590004415500,2147000008500000
probs_20221015_0_101.csv,2147570008510000,2130490035600000
probs_20221015_0_102.csv,2130500035600000,2241550003285600
probs_20221015_0_103.csv,2241550003286100,2229470008580000
probs_20221015_0_104.csv,2229490008580000,2260000031530000
probs_20221015_0_105.csv,2260000031000000,2333445003142956
probs_20221015_0_106.csv,2333445003142900,2344516106102500
probs_20221015_0_107.csv,2344510006102500,2343610028335000
probs_20221015_0_108.csv,2343610028330000,2434000006230000
probs_20221015_0_109.csv,2434520006415900,2450000035000000
probs_20221015_0_110.csv,2452580035410000,2544590007344800
probs_20221015_0_111.csv,2544590007345300,2633520003230000
probs_20221015_0_112.csv,2633536003234000,2646510012233200
probs_20221015_0_113.csv,2646515612233700,2846500003330000
probs_20221015_0_114.csv,2846550003335600,2850560015173700
probs_20221015_0_115.csv,2850560015173800,2935490006120000
probs_20221015_0_116.csv,2935505606121747,2935560041520000
probs_20221015_0_117.csv,2935580041520000,3052580007194000
probs_20221015_0_118.csv,3052580007194100,3137465702121900
probs_20221015_0_119.csv,3137460002121900,3132580012220000
probs_20221015_0_120.csv,3132610012224100,3255570010214300
probs_20221015_0_121.csv,3255570010214400,3355590014244200
probs_20221015_0_122.csv,3355590014244400,3443000025000000
probs_20221015_0_123.csv,3444590025480000,3747520002175900
probs_20221015_0_124.csv,3747520002170000,3851570004082300
probs_20221015_0_125.csv,3851570004082600,3957000006200000
probs_20221015_0_126.csv,3957000006210000,4251600001293200
probs_20221015_0_127.csv,4251600001293800,4648570007200000
probs_20221015_0_128.csv,4648580007202500,0000000000000000
